{"cameraMode":{"drawMode":0,"name":"Shaded","section":"Shading Mode"},"sceneLighting":false,"audioPlay":false,"sceneViewState":{"showFog":true,"showMaterialUpdate":false,"showSkybox":false,"showFlares":true,"showImageEffects":true,"showParticleSystems":true},"in2DMode":false,"pivot":{"x":258.97607421875,"y":1.5325769186019898,"z":228.03228759765626},"rotation":{"x":-0.42624640464782717,"y":0.11187278479337692,"z":-0.05321534723043442,"w":-0.8960841298103333},"size":0.6640459299087524,"orthographic":false}