{"cameraMode":{"drawMode":0,"name":"Shaded","section":"Shading Mode"},"sceneLighting":true,"audioPlay":false,"sceneViewState":{"showFog":true,"showMaterialUpdate":false,"showSkybox":true,"showFlares":true,"showImageEffects":true,"showParticleSystems":true},"in2DMode":false,"pivot":{"x":214.7821502685547,"y":6.5650129318237309,"z":206.63987731933595},"rotation":{"x":-0.007229574490338564,"y":-0.9772007465362549,"z":-0.03372066468000412,"w":0.20949803292751313},"size":22.0,"orthographic":false}