{"cameraMode":{"drawMode":0,"name":"Shaded","section":"Shading Mode"},"sceneLighting":false,"audioPlay":false,"sceneViewState":{"showFog":true,"showMaterialUpdate":false,"showSkybox":false,"showFlares":true,"showImageEffects":true,"showParticleSystems":true},"in2DMode":false,"pivot":{"x":0.04699999839067459,"y":1.1988778114318848,"z":-0.07000000029802323},"rotation":{"x":-0.11785543709993363,"y":0.07887324690818787,"z":-0.009391162544488907,"w":-0.9898489713668823},"size":0.3469233810901642,"orthographic":false}