{"cameraMode":{"drawMode":0,"name":"Shaded","section":"Shading Mode"},"sceneLighting":true,"audioPlay":false,"sceneViewState":{"showFog":true,"showMaterialUpdate":false,"showSkybox":true,"showFlares":true,"showImageEffects":true,"showParticleSystems":true},"in2DMode":false,"pivot":{"x":274.9071960449219,"y":2.1694374084472658,"z":241.7235870361328},"rotation":{"x":-0.11785543709993363,"y":0.07887324690818787,"z":-0.009391162544488907,"w":-0.9898489713668823},"size":0.4716814458370209,"orthographic":false}